,AOI_ID,Timestamp,CC_API,CC_CLC
546,0000,2021-07-08T10:37:48Z,99.99,0.0
377,0000,2022-08-19T10:28:01Z,99.63,0.0
722,0000,2020-05-11T10:27:53Z,96.68,0.0
539,0000,2021-07-25T10:27:52Z,99.45,0.0
571,0000,2021-05-06T10:27:47Z,99.99,0.0
388,0000,2022-07-23T10:37:56Z,94.94,0.0906080517313308
366,0000,2022-09-16T10:37:47Z,88.76,0.804535762295462
214,0000,2023-10-18T10:27:51Z,82.04,1.3358712279237936
621,0000,2021-01-14T10:37:45Z,99.12,1.4959382097992862
573,0000,2021-05-01T10:27:45Z,98.97,2.4630759514207576
618,0000,2021-01-19T10:37:46Z,84.88,2.637773490010661
555,0000,2021-06-15T10:27:49Z,17.27,3.356409052982896
169,0000,2024-02-10T10:27:45Z,96.02,3.6231632132758538
557,0000,2021-06-10T10:27:50Z,11.68,3.872389676910953
116,0000,2024-06-22T10:37:50Z,99.18,4.34860705511519
561,0000,2021-05-31T10:27:49Z,7.12,4.349693482593983
554,0000,2021-06-18T10:37:46Z,11.52,4.537355722430816
402,0000,2022-06-18T10:37:49Z,16.9,4.550320423677745
714,0000,2020-05-31T10:27:55Z,9.6,4.66903073286052
125,0000,2024-05-30T10:27:51Z,83.57,4.733492096602234
534,0000,2021-08-07T10:37:48Z,97.23,4.794042321420293
704,0000,2020-06-25T10:27:51Z,3.95,4.829604714226116
485,0000,2021-11-25T10:37:45Z,99.58,4.886678371112038
606,0000,2021-02-13T10:37:46Z,81.21,4.935277893663375
607,0000,2021-02-13T10:37:40Z,48.73,4.935277893663375
117,0000,2024-06-19T10:27:54Z,0.91,5.211665044268298
490,0000,2021-11-15T10:37:46Z,93.22,5.233755736337089
81,0000,2024-09-20T10:37:46Z,0.67,5.330375353451073
705,0000,2020-06-23T10:37:51Z,2.21,5.380423445974135
351,0000,2022-10-26T10:37:44Z,8.61,5.635516617994716
718,0000,2020-05-21T10:27:54Z,0.55,5.847080262364993
721,0000,2020-05-14T10:37:48Z,99.98,5.931966462708014
229,0000,2023-09-11T10:37:49Z,11.96,5.96499385806332
221,0000,2023-10-01T10:37:47Z,0.0,5.977813702313076
504,0000,2021-10-16T10:37:51Z,6.5,5.981145413248042
4,0000,2025-03-28T10:27:57Z,81.49,6.144761391554257
264,0000,2023-06-15T10:27:53Z,18.57,6.269121123626756
266,0000,2023-06-10T10:27:54Z,22.07,6.339087053261021
222,0000,2023-09-28T10:27:51Z,31.95,6.404924558475873
415,0000,2022-05-16T10:27:48Z,40.26,6.424335396096974
401,0000,2022-06-20T10:28:00Z,3.85,6.451640940063968
281,0000,2023-05-04T10:37:48Z,66.89,6.493577040745375
212,0000,2023-10-23T10:27:49Z,87.37,6.535223427432439
672,0000,2020-09-13T10:27:51Z,0.01,6.579622097065776
511,0000,2021-10-01T10:37:45Z,3.52,6.609969637973393
223,0000,2023-09-26T10:37:48Z,0.0,6.631987901543596
220,0000,2023-10-03T10:27:50Z,41.42,6.652123024150559
719,0000,2020-05-19T10:37:45Z,2.77,6.776337899225885
230,0000,2023-09-08T10:27:53Z,5.06,6.948935011356788
510,0000,2021-10-03T10:27:53Z,90.86,6.981020836230472
517,0000,2021-09-18T10:27:45Z,10.67,7.1641925091549625
417,0000,2022-05-11T10:27:52Z,1.51,7.190991053631855
231,0000,2023-09-06T10:37:51Z,1.87,7.261826125249154
673,0000,2020-09-11T10:37:49Z,21.45,7.282757961340565
648,0000,2020-11-12T10:27:49Z,10.22,7.561680109396004
545,0000,2021-07-10T10:27:50Z,4.85,7.567908960274416
265,0000,2023-06-13T10:37:50Z,3.25,7.639685602373338
399,0000,2022-06-25T10:27:54Z,1.69,7.652505446623094
400,0000,2022-06-23T10:37:58Z,2.84,7.685532841978398
236,0000,2023-08-22T10:37:50Z,6.8,7.841616256431651
589,0000,2021-03-22T10:27:48Z,96.49,8.065203031567236
259,0000,2023-06-25T10:27:52Z,0.01,8.167544500069532
270,0000,2023-05-31T10:27:52Z,2.55,8.227877439391833
516,0000,2021-09-21T10:37:43Z,20.03,8.310808070273026
269,0000,2023-06-03T10:37:49Z,5.88,8.490141032772447
662,0000,2020-10-08T10:27:54Z,21.88,8.519619431697029
494,0000,2021-11-07T10:27:49Z,62.54,8.676644416631902
271,0000,2023-05-29T10:37:49Z,0.93,8.721043086265238
235,0000,2023-08-24T10:27:55Z,32.09,8.745089347795856
354,0000,2022-10-16T10:37:45Z,33.61,8.763558614935336
218,0000,2023-10-08T10:27:49Z,5.25,8.857788091595976
210,0000,2023-10-28T10:27:50Z,14.72,8.884296922078525
519,0000,2021-09-13T10:27:50Z,1.85,8.909791753580866
674,0000,2020-09-08T10:27:53Z,0.87,8.95694270616048
238,0000,2023-08-17T10:37:51Z,58.02,9.048926899364949
528,0000,2021-08-22T10:37:44Z,98.86,9.102089417327216
272,0000,2023-05-26T10:27:52Z,13.59,9.116792402540211
405,0000,2022-06-10T10:27:58Z,14.9,9.18690318917165
133,0000,2024-05-10T10:27:51Z,1.97,9.245280559032125
404,0000,2022-06-13T10:37:56Z,35.83,9.310104065266769
130,0000,2024-05-18T10:37:44Z,35.28,9.39122398368331
425,0000,2022-04-19T10:37:41Z,53.77,9.51645285773884
267,0000,2023-06-08T10:37:49Z,20.8,9.88388263106661
656,0000,2020-10-21T10:37:51Z,99.86,9.93262701061512
77,0000,2024-09-30T10:37:47Z,49.23,9.950299564270152
86,0000,2024-09-07T10:27:48Z,1.57,10.113987971074954
424,0000,2022-04-21T10:27:53Z,15.49,10.132457238214435
364,0000,2022-09-21T10:37:53Z,10.32,10.155561929263431
14,0000,2025-03-04T10:37:48Z,2.23,10.208652018727111
90,0000,2024-08-28T10:27:47Z,0.94,10.229728711815696
771,0000,2020-01-05T10:37:40Z,1.47,10.330404324850509
217,0000,2023-10-11T10:37:47Z,0.0,10.49539644462986
96,0000,2024-08-11T10:37:47Z,16.07,10.510389143837203
147,0000,2024-04-05T10:27:47Z,86.23,10.698268669169796
92,0000,2024-08-23T10:27:45Z,0.0,10.74824433319427
47,0000,2024-12-16T10:27:44Z,0.0,10.75889132248644
46,0000,2024-12-16T10:27:51Z,0.0,10.75889132248644
723,0000,2020-05-09T10:37:43Z,3.67,10.788297292912436
350,0000,2022-10-28T10:27:52Z,39.54,10.80857727251657
665,0000,2020-10-01T10:37:51Z,70.55,10.92286944328559
732,0000,2020-04-16T10:27:44Z,46.14,11.06432230102443
734,0000,2020-04-11T10:27:47Z,2.44,11.131463519213831
95,0000,2024-08-13T10:27:53Z,19.9,11.174848189866964
521,0000,2021-09-08T10:27:45Z,51.18,11.295876211004495
188,0000,2023-12-30T10:37:46Z,79.69,11.332669888286285
733,0000,2020-04-14T10:37:45Z,5.05,11.408719811801788
94,0000,2024-08-16T10:37:48Z,12.51,11.451452625967644
0,0000,2025-04-03T10:37:44Z,30.02,11.56574479673666
98,0000,2024-08-06T10:37:48Z,5.48,11.603045473508551
532,0000,2021-08-12T10:37:46Z,2.4,11.603045473508551
523,0000,2021-09-03T10:27:46Z,0.69,11.673663259630093
500,0000,2021-10-23T10:27:55Z,0.34,11.71313679135957
501,0000,2021-10-23T10:27:48Z,2.8,11.71313679135957
216,0000,2023-10-13T10:27:46Z,1.22,11.806497126037176
522,0000,2021-09-06T10:37:46Z,1.75,11.820186112269967
531,0000,2021-08-14T10:27:51Z,0.11,11.872334631252029
735,0000,2020-04-09T10:37:42Z,7.11,12.0120492050248
215,0000,2023-10-16T10:37:44Z,24.56,12.030808186158623
497,0000,2021-10-31T10:37:47Z,28.39,12.077017568256617
700,0000,2020-07-05T10:27:51Z,6.62,12.127645088768368
699,0000,2020-07-08T10:37:47Z,2.68,12.142420502479952
427,0000,2022-04-14T10:37:48Z,4.78,12.15596463171557
524,0000,2021-09-01T10:37:42Z,0.52,12.183052890186808
685,0000,2020-08-12T10:37:51Z,12.26,12.225713275854076
26,0000,2025-02-02T10:37:48Z,78.85,12.284959787697584
312,0000,2023-02-10T10:27:47Z,0.57,12.295968919482686
729,0000,2020-04-24T10:37:47Z,26.21,12.30828176424234
686,0000,2020-08-09T10:27:55Z,0.02,12.311830760673065
687,0000,2020-08-07T10:37:49Z,0.03,12.433293352802114
102,0000,2024-07-27T10:37:48Z,16.21,12.587059055300609
541,0000,2021-07-20T10:27:51Z,4.8,12.61233660130719
414,0000,2022-05-19T10:37:45Z,50.31,12.710115074398551
233,0000,2023-09-01T10:37:50Z,26.97,12.749081606637928
101,0000,2024-07-29T10:27:51Z,4.72,12.778704862559682
745,0000,2020-03-15T10:37:42Z,0.51,12.911176586473832
416,0000,2022-05-14T10:37:49Z,13.42,13.049370161776292
7,0000,2025-03-19T10:38:09Z,0.04,13.103112107727252
376,0000,2022-08-22T10:37:58Z,7.77,13.144396351921383
396,0000,2022-07-03T10:37:58Z,7.16,13.1878534510731
292,0000,2023-04-04T10:37:49Z,29.16,13.195893014416168
576,0000,2021-04-24T10:37:40Z,0.02,13.27904093079312
13,0000,2025-03-06T10:28:13Z,0.0,13.289108492096602
35,0000,2025-01-10T10:27:48Z,56.24,13.53340981782784
715,0000,2020-05-29T10:37:47Z,1.91,13.74533560469105
172,0000,2024-02-03T10:37:41Z,0.0,13.81819867426876
676,0000,2020-09-03T10:27:52Z,2.84,13.869622908264962
540,0000,2021-07-23T10:37:47Z,2.05,13.952118968154636
577,0000,2021-04-21T10:27:43Z,15.56,13.96008610299912
767,0000,2020-01-15T10:37:39Z,7.86,13.961679529968016
736,0000,2020-04-06T10:27:45Z,2.34,14.015711189913318
163,0000,2024-02-25T10:27:48Z,4.56,14.23306911417049
741,0000,2020-03-25T10:37:41Z,5.09,14.396974806471052
703,0000,2020-06-28T10:37:48Z,74.21,14.535095953274926
12,0000,2025-03-09T10:38:09Z,25.05,14.546322370555789
171,0000,2024-02-05T10:27:47Z,45.19,14.56471920919668
291,0000,2023-04-06T10:27:48Z,43.81,14.748542738608444
690,0000,2020-07-30T10:27:54Z,0.06,15.420317062995412
737,0000,2020-04-04T10:37:42Z,2.13,15.440017614610856
273,0000,2023-05-24T10:37:50Z,99.98,15.605371876883142
752,0000,2020-02-21T10:27:43Z,33.46,15.61949543410745
8,0000,2025-03-18T10:28:01Z,0.88,15.725965327029156
728,0000,2020-04-26T10:27:44Z,23.1,15.786732837342976
371,0000,2022-09-03T10:27:50Z,97.94,15.888784591850923
308,0000,2023-02-20T10:27:48Z,75.26,16.065292842905485
254,0000,2023-07-08T10:37:51Z,74.96,16.159884462059054
107,0000,2024-07-14T10:27:51Z,54.43,16.20471770268391
189,0000,2023-12-27T10:27:50Z,10.86,16.364350113567884
738,0000,2020-04-01T10:27:44Z,4.39,16.536295369211516
391,0000,2022-07-15T10:27:53Z,9.3,16.571712905020163
602,0000,2021-02-25T10:27:43Z,0.0,16.667825522644044
601,0000,2021-02-25T10:27:50Z,1.91,16.667825522644044
666,0000,2020-09-28T10:27:54Z,10.35,16.854618620497845
461,0000,2022-01-19T10:37:41Z,15.82,16.867945464237703
527,0000,2021-08-24T10:27:51Z,82.53,16.88330030593798
584,0000,2021-04-04T10:37:43Z,0.0,16.9508760951189
443,0000,2022-03-05T10:37:49Z,4.79,16.990929054837064
445,0000,2022-02-28T10:37:42Z,0.0,17.034748296481713
483,0000,2021-11-30T10:37:41Z,99.96,17.16743730589162
258,0000,2023-06-28T10:37:49Z,18.39,17.686459926760303
247,0000,2023-07-25T10:27:53Z,70.53,17.91685498076299
487,0000,2021-11-22T10:27:43Z,97.52,18.211638970008806
486,0000,2021-11-22T10:27:50Z,99.17,18.211638970008806
452,0000,2022-02-10T10:27:47Z,0.72,18.224386385759978
585,0000,2021-04-01T10:27:47Z,0.8,18.71023675427618
251,0000,2023-07-15T10:27:53Z,6.15,18.791936100681408
394,0000,2022-07-08T10:37:50Z,9.61,18.925711537570116
381,0000,2022-08-09T10:28:00Z,0.01,19.038120567375884
387,0000,2022-07-25T10:27:54Z,0.29,19.11264949242108
268,0000,2023-06-05T10:27:52Z,18.61,19.207820539563343
358,0000,2022-10-06T10:37:43Z,6.82,19.323488851805497
390,0000,2022-07-18T10:37:50Z,1.14,19.34304454642377
408,0000,2022-06-03T10:37:53Z,87.82,19.44553087192324
598,0000,2021-03-02T10:27:47Z,4.99,19.51745237101933
434,0000,2022-03-27T10:27:46Z,3.05,19.547655054929773
299,0000,2023-03-15T10:37:50Z,4.01,19.68867334167709
633,0000,2020-12-15T10:37:41Z,93.07,19.71974516757057
460,0000,2022-01-21T10:27:48Z,14.19,19.788262527233115
751,0000,2020-02-24T10:37:40Z,29.36,19.87901543596162
453,0000,2022-02-08T10:37:40Z,1.62,19.93956566077968
596,0000,2021-03-07T10:27:48Z,79.13,20.01192173086729
691,0000,2020-07-28T10:37:48Z,23.55,20.01576044129236
692,0000,2020-07-25T10:27:51Z,25.68,20.017281439762662
693,0000,2020-07-23T10:37:51Z,11.32,20.30054929773328
435,0000,2022-03-25T10:37:48Z,0.03,20.367762944421266
556,0000,2021-06-13T10:37:46Z,21.31,20.37457122328837
437,0000,2022-03-20T10:37:43Z,0.18,20.40499119269457
105,0000,2024-07-19T10:27:49Z,23.07,20.44656515088305
380,0000,2022-08-12T10:37:57Z,0.35,20.652406943865017
599,0000,2021-02-28T10:37:48Z,65.65,20.705352176331527
600,0000,2021-02-28T10:37:41Z,22.04,20.705352176331527
378,0000,2022-08-17T10:37:48Z,61.34,21.22705465164789
11,0000,2025-03-11T10:27:51Z,49.0,21.607231840726836
451,0000,2022-02-13T10:37:45Z,0.23,21.62446982339035
419,0000,2022-05-04T10:37:50Z,49.63,21.681471051777685
441,0000,2022-03-10T10:37:43Z,3.01,21.732460714782366
436,0000,2022-03-22T10:27:52Z,1.79,21.80213693042229
603,0000,2021-02-23T10:37:44Z,0.02,22.204115097575677
69,0000,2024-10-20T10:37:45Z,86.03,22.222656793213737
384,0000,2022-08-02T10:37:56Z,20.68,22.2553944745747
383,0000,2022-08-04T10:27:53Z,0.84,22.67171348444815
205,0000,2023-11-10T10:37:47Z,62.38,22.76123510870069
442,0000,2022-03-07T10:27:46Z,16.78,22.847642307514025
586,0000,2021-03-30T10:37:43Z,7.51,23.384337482037733
392,0000,2022-07-13T10:37:58Z,0.28,23.60365097575673
248,0000,2023-07-23T10:37:51Z,43.5,24.218786214249292
139,0000,2024-04-25T10:27:47Z,85.88,24.75157024984935
638,0000,2020-12-02T10:27:48Z,95.18,25.08111991841654
454,0000,2022-02-05T10:27:43Z,14.77,25.260380452417376
242,0000,2023-08-07T10:37:50Z,74.45,25.315281254345717
701,0000,2020-07-03T10:37:50Z,99.3,25.48302565707134
570,0000,2021-05-09T10:37:44Z,78.08,25.48599522551337
407,0000,2022-06-05T10:27:49Z,97.68,26.044346521114356
83,0000,2024-09-15T10:37:44Z,26.54,26.203037361516717
694,0000,2020-07-20T10:27:54Z,38.78,26.700983289296804
712,0000,2020-06-05T10:27:51Z,98.09,26.757984517684143
302,0000,2023-03-07T10:27:44Z,20.31,26.80940875168034
66,0000,2024-10-27T10:27:49Z,61.15,27.24311060121448
60,0000,2024-11-11T10:27:43Z,70.84,27.65023119176749
420,0000,2022-05-01T10:27:54Z,35.99,27.74308452695499
208,0000,2023-11-02T10:27:47Z,99.79,27.826522157326288
588,0000,2021-03-25T10:37:44Z,81.64,28.322874658137486
566,0000,2021-05-19T10:37:46Z,60.6,28.327799796041347
456,0000,2022-01-31T10:27:49Z,93.03,28.39226115978306
290,0000,2023-04-09T10:37:45Z,18.81,28.40457400454272
403,0000,2022-06-15T10:27:52Z,16.14,28.44064339683864
367,0000,2022-09-13T10:27:51Z,64.36,28.491198488851804
754,0000,2020-02-16T10:27:44Z,99.46,28.76084978908821
296,0000,2023-03-22T10:27:51Z,50.5,29.34476834469012
353,0000,2022-10-18T10:27:51Z,0.56,29.363961896815464
293,0000,2023-03-30T10:37:43Z,99.95,29.51164360543272
413,0000,2022-05-21T10:27:55Z,56.17,29.93759560561813
569,0000,2021-05-11T10:27:47Z,91.43,29.983008274231675
406,0000,2022-06-08T10:37:47Z,77.73,30.39976185509665
476,0000,2021-12-17T10:27:42Z,79.97,30.41859326472906
562,0000,2021-05-29T10:37:46Z,48.98,30.513184883882637
430,0000,2022-04-06T10:27:45Z,14.81,30.643845895332127
725,0000,2020-05-04T10:37:49Z,20.17,30.86996766791823
42,0000,2024-12-26T10:27:46Z,14.21,31.068421754044408
41,0000,2024-12-26T10:27:53Z,41.82,31.068421754044408
713,0000,2020-06-03T10:37:52Z,41.78,31.10246314837992
204,0000,2023-11-12T10:27:48Z,99.37,31.616633059843323
260,0000,2023-06-23T10:37:49Z,40.16,31.946400013906278
113,0000,2024-06-29T10:27:52Z,58.03,31.965521137533027
697,0000,2020-07-13T10:37:50Z,53.12,32.92063574838919
695,0000,2020-07-18T10:37:47Z,13.68,33.01624136652297
15,0000,2025-03-01T10:27:52Z,80.02,33.053614471793445
126,0000,2024-05-28T10:37:45Z,56.91,33.47239605061883
369,0000,2022-09-08T10:28:00Z,27.32,33.49296574421731
707,0000,2020-06-18T10:37:48Z,47.99,33.844026676864594
143,0000,2024-04-15T10:27:50Z,95.25,33.93144787465814
463,0000,2022-01-14T10:37:46Z,1.14,33.964982269503544
128,0000,2024-05-23T10:37:44Z,99.34,34.42700366198489
680,0000,2020-08-24T10:27:52Z,27.6,34.57128123116859
225,0000,2023-09-21T10:37:49Z,77.52,35.20879687572428
542,0000,2021-07-18T10:37:49Z,35.72,35.32410304547351
114,0000,2024-06-27T10:37:49Z,44.55,36.626005307560376
303,0000,2023-03-05T10:37:48Z,53.18,36.79143199833125
137,0000,2024-04-30T10:27:51Z,39.93,37.676797965048905
168,0000,2024-02-13T10:37:43Z,12.17,38.12302994483846
433,0000,2022-03-30T10:37:42Z,99.91,38.26680051453206
49,0000,2024-12-11T10:27:50Z,95.09,38.2670902285264
616,0000,2021-01-24T10:37:45Z,20.6,38.80429240254021
397,0000,2022-06-30T10:28:02Z,55.96,39.00397777314236
568,0000,2021-05-14T10:37:44Z,39.39,39.12160165484633
203,0000,2023-11-15T10:37:44Z,49.16,39.15672947666064
120,0000,2024-06-12T10:37:51Z,61.62,39.483454433782974
313,0000,2023-02-08T10:37:44Z,46.17,41.36782668150003
717,0000,2020-05-24T10:37:51Z,32.7,41.556720205812816
520,0000,2021-09-11T10:37:42Z,19.02,41.597497450516855
368,0000,2022-09-11T10:37:56Z,23.69,41.622050711537575
250,0000,2023-07-18T10:37:50Z,46.56,41.675068372502665
429,0000,2022-04-09T10:37:42Z,70.61,41.74097830621611
740,0000,2020-03-27T10:27:46Z,43.42,41.78791197329996
575,0000,2021-04-26T10:27:45Z,89.63,41.802035530524265
726,0000,2020-05-01T10:27:52Z,99.37,42.18634114402262
678,0000,2020-08-29T10:27:54Z,99.99,42.33844099105363
365,0000,2022-09-18T10:27:57Z,37.14,42.4687398600102
127,0000,2024-05-25T10:27:48Z,61.58,42.78358654336439
386,0000,2022-07-28T10:37:50Z,53.57,42.91221955685348
559,0000,2021-06-05T10:27:50Z,99.51,42.91953483521068
322,0000,2023-01-16T10:27:45Z,99.76,43.06982396977704
306,0000,2023-02-25T10:27:46Z,99.17,43.23322266258749
348,0000,2022-11-02T10:27:46Z,99.25,43.3827150836694
219,0000,2023-10-06T10:37:46Z,69.14,43.8470541881055
462,0000,2022-01-16T10:27:44Z,12.62,44.53302449821536
484,0000,2021-11-27T10:27:44Z,64.77,44.72604644694758
431,0000,2022-04-04T10:37:47Z,27.94,44.78797281323877
668,0000,2020-09-23T10:27:51Z,67.07,44.80702150836694
418,0000,2022-05-09T10:37:42Z,37.22,44.8334579103509
579,0000,2021-04-16T10:27:43Z,24.95,44.88806899828489
580,0000,2021-04-14T10:37:41Z,53.03,44.94985050757892
349,0000,2022-10-31T10:37:49Z,98.98,44.99765331664581
594,0000,2021-03-12T10:27:48Z,34.55,45.15554744356371
446,0000,2022-02-25T10:27:44Z,35.89,45.6718902099847
61,0000,2024-11-09T10:37:43Z,86.21,46.15701629351504
457,0000,2022-01-29T10:37:39Z,30.73,46.59100785704353
316,0000,2023-01-31T10:27:46Z,16.72,46.5942671394799
78,0000,2024-09-27T10:27:51Z,88.08,46.63069867426877
547,0000,2021-07-05T10:27:51Z,99.03,46.76780582209243
742,0000,2020-03-22T10:27:45Z,93.74,46.84610102906411
285,0000,2023-04-24T10:37:47Z,78.67,46.852040165948175
395,0000,2022-07-05T10:27:54Z,30.87,47.26140603995736
106,0000,2024-07-17T10:37:49Z,51.72,47.65223021832847
659,0000,2020-10-16T10:37:49Z,98.88,47.873137139016364
155,0000,2024-03-16T10:27:47Z,89.24,48.18530396792286
287,0000,2023-04-19T10:37:44Z,95.57,48.664708200064894
747,0000,2020-03-07T10:27:46Z,65.34,49.67935903675891
518,0000,2021-09-16T10:37:47Z,80.44,49.84196101608492
345,0000,2022-11-12T10:27:48Z,90.96,50.28812056737589
669,0000,2020-09-21T10:37:50Z,14.5,50.43819241644648
411,0000,2022-05-26T10:27:49Z,25.95,51.31008668242711
385,0000,2022-07-30T10:27:58Z,34.4,51.33391565846197
249,0000,2023-07-20T10:27:54Z,21.66,51.620587655866125
152,0000,2024-03-24T10:37:46Z,84.84,52.10549645390071
80,0000,2024-09-22T10:27:46Z,80.12,52.41317271589487
178,0000,2024-01-19T10:37:45Z,66.79,52.57258784128308
67,0000,2024-10-25T10:37:46Z,59.42,52.67941987669772
506,0000,2021-10-13T10:27:49Z,41.34,52.8521618458258
505,0000,2021-10-13T10:27:56Z,62.32,52.8521618458258
428,0000,2022-04-11T10:27:51Z,78.61,53.37835488805452
472,0000,2021-12-25T10:37:47Z,99.99,53.533496732026144
488,0000,2021-11-20T10:37:43Z,62.23,54.03173237380059
565,0000,2021-05-21T10:27:48Z,98.49,54.05903791776758
122,0000,2024-06-07T10:37:48Z,60.73,54.7179199694062
227,0000,2023-09-16T10:37:49Z,35.4,56.072912320956746
160,0000,2024-03-04T10:37:46Z,93.88,56.23392087331387
274,0000,2023-05-21T10:27:54Z,82.89,56.330612918926434
73,0000,2024-10-10T10:37:43Z,55.65,56.46286735734483
526,0000,2021-08-27T10:37:47Z,49.3,56.74121007741157
334,0000,2022-12-17T10:27:48Z,52.47,56.81907071339174
161,0000,2024-03-01T10:27:49Z,99.65,57.03570435266305
304,0000,2023-03-02T10:27:49Z,84.12,57.51112501738284
180,0000,2024-01-14T10:37:39Z,32.49,57.57819380707365
647,0000,2020-11-15T10:37:46Z,25.25,57.67952127659575
338,0000,2022-12-02T10:27:47Z,92.52,58.333985189820616
563,0000,2021-05-26T10:27:49Z,97.75,58.41228039679228
552,0000,2021-06-23T10:37:46Z,47.69,58.48181175543503
197,0000,2023-12-05T10:37:39Z,47.67,59.07362501738284
295,0000,2023-03-25T10:37:48Z,87.69,59.085720576646736
75,0000,2024-10-05T10:37:46Z,65.56,59.4316390858944
389,0000,2022-07-20T10:28:00Z,47.74,59.57490265609791
109,0000,2024-07-09T10:27:52Z,72.41,60.129922240763925
459,0000,2022-01-24T10:37:45Z,66.19,60.19344203402402
206,0000,2023-11-07T10:27:51Z,33.51,60.281659945302
165,0000,2024-02-20T10:27:46Z,53.86,60.48844330876558
614,0000,2021-01-26T10:27:52Z,98.16,60.65973670792194
615,0000,2021-01-26T10:27:45Z,81.86,60.65973670792194
243,0000,2023-08-04T10:27:54Z,58.56,60.93003986464562
623,0000,2021-01-09T10:37:46Z,87.17,60.96350183099244
611,0000,2021-02-03T10:37:45Z,82.18,61.00449636119223
688,0000,2020-08-04T10:27:52Z,99.34,61.09973983683308
702,0000,2020-06-30T10:27:54Z,5.85,61.12255481388773
224,0000,2023-09-23T10:27:50Z,83.26,61.34679344551059
393,0000,2022-07-10T10:28:01Z,31.21,61.60992618087424
124,0000,2024-06-02T10:37:49Z,99.95,62.16327991007277
245,0000,2023-07-30T10:27:54Z,69.88,62.22383013489083
115,0000,2024-06-24T10:27:52Z,37.89,62.33058974180688
515,0000,2021-09-23T10:27:46Z,12.17,62.50391113892365
514,0000,2021-09-23T10:27:53Z,52.58,62.50391113892365
255,0000,2023-07-05T10:27:54Z,73.34,62.5913323367172
58,0000,2024-11-16T10:27:48Z,33.13,62.69323923422797
100,0000,2024-08-01T10:37:48Z,60.45,62.7644364483382
675,0000,2020-09-06T10:37:48Z,99.45,63.71636420525657
382,0000,2022-08-07T10:37:49Z,77.21,64.45484517684143
29,0000,2025-01-25T10:28:17Z,21.94,65.03420073703239
644,0000,2020-11-20T10:37:48Z,67.95,65.117058939415
769,0000,2020-01-10T10:37:40Z,31.52,65.1852865850832
34,0000,2025-01-13T10:37:45Z,30.67,65.23924581652992
89,0000,2024-08-31T10:37:44Z,78.95,65.28922148055439
87,0000,2024-09-05T10:37:48Z,96.25,65.33934200157604
328,0000,2023-01-01T10:27:47Z,88.19,65.40373093681917
759,0000,2020-02-04T10:37:37Z,79.04,66.00611875956056
256,0000,2023-07-03T10:37:51Z,57.23,67.06610983636953
642,0000,2020-11-25T10:37:45Z,59.47,67.22407639178603
24,0000,2025-02-07T10:38:12Z,89.67,67.59606916052473
278,0000,2023-05-11T10:27:51Z,99.09,67.82371193158114
141,0000,2024-04-20T10:27:52Z,75.11,67.85268333101561
465,0000,2022-01-11T10:27:45Z,27.08,68.08068824456497
464,0000,2022-01-11T10:27:52Z,39.6,68.08068824456497
587,0000,2021-03-27T10:27:47Z,63.75,68.23937908496733
36,0000,2025-01-08T10:37:41Z,97.81,68.27428962128586
551,0000,2021-06-25T10:27:50Z,86.76,68.37619651879663
681,0000,2020-08-22T10:37:51Z,93.54,68.67728178741946
508,0000,2021-10-08T10:27:49Z,49.56,68.97858434153802
315,0000,2023-02-03T10:37:42Z,64.31,69.58930144161684
51,0000,2024-12-06T10:27:51Z,78.77,69.7064907523293
52,0000,2024-12-06T10:27:44Z,69.46,69.7064907523293
153,0000,2024-03-21T10:27:50Z,75.68,69.94130394474574
412,0000,2022-05-24T10:37:52Z,89.73,69.95296493301812
228,0000,2023-09-13T10:27:53Z,98.23,69.98809275483244
276,0000,2023-05-16T10:27:50Z,99.59,70.17358213971167
743,0000,2020-03-20T10:37:43Z,20.4,70.44040872850323
421,0000,2022-04-29T10:37:38Z,89.19,70.54137405553237
359,0000,2022-10-03T10:27:47Z,57.02,70.71404359616187
620,0000,2021-01-16T10:27:45Z,58.94,71.5009068048023
619,0000,2021-01-16T10:27:52Z,75.87,71.5009068048023
156,0000,2024-03-14T10:37:45Z,63.87,71.74426656005191
663,0000,2020-10-06T10:37:49Z,99.8,72.19281625179622
608,0000,2021-02-10T10:27:47Z,99.79,72.2338832104946
766,0000,2020-01-17T10:27:42Z,43.52,72.24742733973022
635,0000,2020-12-10T10:37:42Z,91.74,72.34853752375655
583,0000,2021-04-06T10:27:45Z,72.02,72.4395801464794
529,0000,2021-08-19T10:27:48Z,52.56,72.51237078755852
502,0000,2021-10-21T10:37:47Z,32.91,72.71908172252353
543,0000,2021-07-15T10:27:52Z,99.86,72.83272203680527
426,0000,2022-04-16T10:27:45Z,79.2,72.92195394706346
202,0000,2023-11-17T10:27:47Z,98.37,73.06594180225282
140,0000,2024-04-23T10:37:48Z,97.28,73.31234355444305
112,0000,2024-07-02T10:37:49Z,78.1,73.53868261252492
253,0000,2023-07-10T10:27:54Z,18.18,73.93682206925324
38,0000,2025-01-03T10:37:45Z,65.95,74.08696634682241
239,0000,2023-08-14T10:27:54Z,70.75,74.29012828535669
50,0000,2024-12-09T10:37:46Z,99.36,74.47880452417374
750,0000,2020-02-26T10:27:46Z,96.71,74.5309530431558
332,0000,2022-12-22T10:27:48Z,40.12,74.54051360496918
63,0000,2024-11-04T10:37:42Z,61.49,74.70224644231214
307,0000,2023-02-23T10:37:45Z,56.95,74.80205291336392
660,0000,2020-10-13T10:27:52Z,46.81,75.14224957122329
275,0000,2023-05-19T10:37:47Z,94.83,75.68075545821166
372,0000,2022-09-01T10:37:57Z,62.52,75.97713287442637
48,0000,2024-12-14T10:37:47Z,99.47,76.06969649561952
683,0000,2020-08-17T10:37:49Z,30.9,76.24620474667408
630,0000,2020-12-20T10:37:44Z,95.28,76.2975565521717
321,0000,2023-01-19T10:37:40Z,56.5,76.4297385620915
422,0000,2022-04-26T10:27:42Z,83.96,76.90631808278867
288,0000,2023-04-16T10:27:48Z,97.83,77.08152262086868
549,0000,2021-06-30T10:27:50Z,58.74,77.42099499374217
1,0000,2025-03-31T10:37:55Z,74.31,77.62082522134149
2,0000,2025-03-31T10:27:49Z,82.82,77.62082522134149
157,0000,2024-03-11T10:27:49Z,87.2,77.78748319658833
111,0000,2024-07-04T10:27:52Z,56.88,77.80167918231122
123,0000,2024-06-04T10:27:51Z,45.68,77.84252885551383
132,0000,2024-05-13T10:37:48Z,70.19,78.0950146015853
512,0000,2021-09-28T10:27:47Z,92.37,78.19873221156075
496,0000,2021-11-02T10:27:53Z,52.83,78.419928846243
330,0000,2022-12-27T10:27:47Z,97.88,78.6507584712372
30,0000,2025-01-23T10:37:47Z,71.86,78.83081571872248
339,0000,2022-11-30T10:37:45Z,95.13,79.29979024706809
226,0000,2023-09-18T10:27:52Z,98.91,79.55336242061837
56,0000,2024-11-24T10:37:46Z,96.39,79.55604227506605
375,0000,2022-08-24T10:27:49Z,78.99,79.7819467621564
639,0000,2020-11-30T10:37:45Z,84.24,79.89797721689148
537,0000,2021-07-30T10:27:50Z,72.34,79.93803017660966
581,0000,2021-04-11T10:27:45Z,38.61,80.0820904602976
617,0000,2021-01-21T10:27:48Z,81.28,80.0983868724795
746,0000,2020-03-12T10:27:45Z,73.59,80.09918358596394
503,0000,2021-10-18T10:27:50Z,12.89,80.387449010337
544,0000,2021-07-13T10:37:47Z,99.2,80.62494205720114
110,0000,2024-07-07T10:37:48Z,94.77,81.30504565892551
677,0000,2020-09-01T10:37:50Z,72.99,81.40383813099707
65,0000,2024-10-30T10:37:46Z,54.82,81.54876755666805
88,0000,2024-09-02T10:27:51Z,48.26,81.60881078199601
654,0000,2020-10-28T10:27:57Z,77.68,81.66950586381124
655,0000,2020-10-28T10:27:50Z,92.3,81.66950586381124
753,0000,2020-02-19T10:37:42Z,71.99,81.86817723543318
550,0000,2021-06-28T10:37:47Z,93.12,81.88693621656701
479,0000,2021-12-10T10:37:40Z,99.84,82.11407198813332
151,0000,2024-03-26T10:27:49Z,92.44,82.12754368887035
84,0000,2024-09-12T10:27:49Z,82.25,82.1550665183331
93,0000,2024-08-21T10:37:43Z,93.07,82.58826136837713
765,0000,2020-01-20T10:37:39Z,14.26,82.67169899874844
347,0000,2022-11-05T10:37:43Z,86.14,82.74231678486997
194,0000,2023-12-12T10:27:44Z,99.96,82.79345130487184
509,0000,2021-10-06T10:37:50Z,57.91,82.88717378204237
326,0000,2023-01-06T10:27:47Z,62.49,83.16022922171233
159,0000,2024-03-06T10:27:43Z,99.73,83.16175022018264
706,0000,2020-06-20T10:27:54Z,61.1,83.2123053121958
525,0000,2021-08-29T10:27:46Z,99.03,83.45349221248783
755,0000,2020-02-14T10:37:39Z,57.47,83.45465106846521
99,0000,2024-08-03T10:27:50Z,50.27,83.56988480971584
68,0000,2024-10-22T10:27:49Z,42.95,83.61536990682798
9,0000,2025-03-16T10:28:12Z,98.72,83.81179599499374
671,0000,2020-09-16T10:37:47Z,60.57,83.90428718768831
410,0000,2022-05-29T10:37:45Z,76.9,83.92275645482779
134,0000,2024-05-08T10:37:46Z,80.01,84.09788856440922
162,0000,2024-02-28T10:37:44Z,92.23,84.17958791081445
727,0000,2020-04-29T10:37:41Z,71.54,84.28323309229128
770,0000,2020-01-07T10:27:43Z,52.73,84.63060017151068
45,0000,2024-12-19T10:37:44Z,99.6,85.04387718444352
319,0000,2023-01-24T10:37:43Z,96.62,85.11413282807213
612,0000,2021-01-31T10:27:48Z,83.24,85.13390580818616
22,0000,2025-02-12T10:37:49Z,56.11,85.13694780512678
335,0000,2022-12-10T10:37:46Z,99.78,85.57615422055346
297,0000,2023-03-20T10:37:44Z,69.14,85.6798718305289
104,0000,2024-07-22T10:37:47Z,72.59,85.78409643999444
191,0000,2023-12-20T10:37:46Z,80.44,85.80082742316785
240,0000,2023-08-12T10:37:51Z,93.53,85.8456606637927
21,0000,2025-02-14T10:28:13Z,98.83,86.04636003337505
289,0000,2023-04-14T10:37:46Z,78.99,86.23228398924581
85,0000,2024-09-10T10:37:44Z,62.86,86.45340819542947
207,0000,2023-11-05T10:37:45Z,77.3,86.50715014138044
593,0000,2021-03-15T10:37:45Z,96.35,86.52380869605526
57,0000,2024-11-19T10:37:45Z,91.69,86.53604911231632
190,0000,2023-12-25T10:37:42Z,63.3,86.6562804199694
309,0000,2023-02-18T10:37:42Z,88.18,86.70292437305892
237,0000,2023-08-19T10:27:54Z,42.69,86.8048312705697
211,0000,2023-10-26T10:37:45Z,93.48,87.35883685625551
362,0000,2022-09-26T10:37:46Z,71.31,87.63833843229963
467,0000,2022-01-06T10:27:45Z,88.62,87.77088258471237
142,0000,2024-04-18T10:37:46Z,97.5,87.99606278681685
74,0000,2024-10-07T10:27:47Z,39.25,88.2318899782135
710,0000,2020-06-10T10:27:55Z,99.92,88.23790154359617
590,0000,2021-03-20T10:37:44Z,60.54,88.27027708246419
300,0000,2023-03-12T10:27:53Z,97.67,88.42469464144996
305,0000,2023-02-28T10:37:43Z,90.28,88.97181951977008
450,0000,2022-02-15T10:27:42Z,93.89,89.36822069253233
448,0000,2022-02-20T10:27:50Z,48.64,89.46368145366894
613,0000,2021-01-29T10:37:46Z,87.7,89.50214098641821
689,0000,2020-08-02T10:37:51Z,98.32,89.5814501923701
652,0000,2020-11-02T10:27:51Z,31.55,89.74426945719186
530,0000,2021-08-17T10:37:48Z,74.61,89.74528345617206
311,0000,2023-02-13T10:37:44Z,53.2,89.77237171464331
658,0000,2020-10-18T10:27:50Z,62.14,89.8143802438233
657,0000,2020-10-18T10:27:57Z,64.33,89.8143802438233
469,0000,2022-01-01T10:27:50Z,14.17,89.95880267000416
578,0000,2021-04-19T10:37:40Z,73.2,90.02261217725861
148,0000,2024-04-03T10:37:43Z,99.33,90.16949717239142
716,0000,2020-05-26T10:27:50Z,81.12,90.17406016780237
398,0000,2022-06-28T10:37:50Z,99.94,90.24221538497196
325,0000,2023-01-09T10:37:44Z,49.16,90.32616001483336
643,0000,2020-11-22T10:27:49Z,36.36,90.3616499791406
28,0000,2025-01-28T10:38:13Z,99.89,90.8233816576276
346,0000,2022-11-10T10:37:49Z,15.84,90.82729279655123
176,0000,2024-01-24T10:37:39Z,99.93,90.96650037083393
103,0000,2024-07-24T10:27:52Z,49.85,90.99713762573587
661,0000,2020-10-11T10:37:51Z,61.79,91.20297941871785
54,0000,2024-11-29T10:37:44Z,18.88,91.37861852778936
357,0000,2022-10-08T10:27:55Z,99.99,91.42475548138876
640,0000,2020-11-27T10:27:52Z,54.61,91.55012921244148
641,0000,2020-11-27T10:27:45Z,75.61,91.55012921244148
637,0000,2020-12-05T10:37:44Z,99.93,91.6466039725583
196,0000,2023-12-07T10:27:45Z,47.19,91.6523982524452
129,0000,2024-05-20T10:27:49Z,54.53,91.69773849256016
70,0000,2024-10-17T10:27:48Z,50.05,91.71121019329718
498,0000,2021-10-28T10:27:50Z,33.26,91.88894972882773
342,0000,2022-11-20T10:37:46Z,68.78,91.92864054605292
27,0000,2025-01-30T10:27:51Z,97.71,92.22704596022804
76,0000,2024-10-02T10:27:50Z,87.19,92.2636223520141
136,0000,2024-05-03T10:37:48Z,99.68,92.27926690770872
758,0000,2020-02-06T10:27:43Z,57.32,92.32822857275298
356,0000,2022-10-11T10:37:51Z,81.35,92.52052623649932
480,0000,2021-12-07T10:27:44Z,20.46,92.54768692346916
651,0000,2020-11-05T10:37:47Z,91.42,92.57970031984424
64,0000,2024-11-01T10:27:48Z,35.75,92.72289146154915
373,0000,2022-08-29T10:28:01Z,53.27,92.79915867056042
574,0000,2021-04-29T10:37:43Z,95.97,92.9309785379873
474,0000,2021-12-22T10:27:46Z,89.07,92.9398148148148
473,0000,2021-12-22T10:27:53Z,55.56,92.9398148148148
234,0000,2023-08-27T10:37:51Z,99.13,93.03462371946416
698,0000,2020-07-10T10:27:53Z,18.83,93.16528473091364
768,0000,2020-01-12T10:27:43Z,33.21,93.34302426644416
513,0000,2021-09-26T10:37:49Z,99.59,93.48853312010384
145,0000,2024-04-10T10:27:49Z,84.64,93.5064953877532
252,0000,2023-07-13T10:37:50Z,89.85,93.53952278310852
625,0000,2021-01-04T10:37:44Z,89.49,93.5622653316646
144,0000,2024-04-13T10:37:47Z,90.98,93.57117403699068
679,0000,2020-08-27T10:37:49Z,55.2,93.6005075789181
244,0000,2023-08-02T10:37:50Z,52.9,93.64845524498216
154,0000,2024-03-19T10:37:45Z,58.61,93.65591538033652
495,0000,2021-11-05T10:37:49Z,65.69,93.66663479812728
628,0000,2020-12-25T10:37:42Z,94.92,93.69162263013952
458,0000,2022-01-26T10:27:43Z,23.73,93.710091897279
447,0000,2022-02-23T10:37:48Z,30.72,93.72660559495664
193,0000,2023-12-15T10:37:41Z,22.39,93.8119987947898
97,0000,2024-08-08T10:27:49Z,80.67,93.8161272192092
282,0000,2023-05-01T10:27:51Z,97.57,93.87001402215732
634,0000,2020-12-12T10:27:45Z,91.81,93.96887892272748
213,0000,2023-10-21T10:37:47Z,87.13,94.1717511472674
23,0000,2025-02-09T10:27:51Z,45.45,94.18442613452
135,0000,2024-05-05T10:27:49Z,83.12,94.19521798080936
199,0000,2023-11-25T10:37:40Z,86.56,94.27655518472164
318,0000,2023-01-26T10:27:46Z,93.66,94.34449311639548
482,0000,2021-12-02T10:27:48Z,91.08,94.49159539702406
286,0000,2023-04-21T10:27:51Z,38.86,94.73473786677792
756,0000,2020-02-11T10:27:41Z,89.81,95.22797594214993
466,0000,2022-01-09T10:37:41Z,76.4,95.24231678486996
201,0000,2023-11-20T10:37:42Z,86.35,95.3272754137116
185,0000,2024-01-04T10:37:42Z,80.07,95.519210934965
149,0000,2024-03-31T10:27:48Z,95.07,95.58077515876326
39,0000,2024-12-31T10:27:49Z,29.86,95.64798880545126
181,0000,2024-01-11T10:27:45Z,80.1,95.6855791962175
182,0000,2024-01-11T10:27:38Z,67.59,95.6855791962175
277,0000,2023-05-14T10:37:49Z,95.19,95.99745631112964
597,0000,2021-03-05T10:37:44Z,99.89,96.0711160941918
499,0000,2021-10-26T10:37:50Z,43.98,96.21669737635008
333,0000,2022-12-20T10:37:44Z,88.42,96.25566390858944
572,0000,2021-05-04T10:37:42Z,99.68,96.25993719000604
200,0000,2023-11-22T10:27:45Z,84.0,96.41312346451582
53,0000,2024-12-01T10:27:50Z,25.13,96.41768645992676
327,0000,2023-01-04T10:37:43Z,99.86,96.537193482594
449,0000,2022-02-18T10:37:39Z,94.77,96.5748563018588
170,0000,2024-02-08T10:37:45Z,97.93,96.62150025494832
744,0000,2020-03-17T10:27:47Z,46.33,96.64178023455246
536,0000,2021-08-02T10:37:47Z,66.62,96.65286179483614
320,0000,2023-01-21T10:27:46Z,53.94,96.65532436378808
16,0000,2025-02-27T10:38:10Z,95.96,96.65648321976543
481,0000,2021-12-05T10:37:45Z,54.88,96.6682166365364
280,0000,2023-05-06T10:27:49Z,93.1,96.69378389653733
317,0000,2023-01-29T10:37:43Z,85.12,96.76737125110093
567,0000,2021-05-16T10:27:49Z,97.03,96.795183794558
711,0000,2020-06-08T10:37:47Z,59.86,96.8036579288926
475,0000,2021-12-20T10:37:40Z,43.28,96.81169749223568
174,0000,2024-01-29T10:37:43Z,65.34,96.83922032169842
341,0000,2022-11-25T10:37:45Z,80.18,96.84066889167016
492,0000,2021-11-12T10:27:45Z,62.7,96.91440110323089
491,0000,2021-11-12T10:27:52Z,50.61,96.91440110323089
493,0000,2021-11-10T10:37:45Z,99.97,96.91773281416586
310,0000,2023-02-15T10:27:46Z,19.93,96.94482107263708
629,0000,2020-12-22T10:27:45Z,81.55,96.98965431326197
363,0000,2022-09-23T10:27:50Z,87.29,97.06403838130996
43,0000,2024-12-24T10:37:47Z,57.36,97.1724638436935
314,0000,2023-02-05T10:27:47Z,87.7,97.23511449497056
724,0000,2020-05-06T10:27:46Z,76.31,97.25184547814398
40,0000,2024-12-29T10:37:46Z,37.87,97.28074444907988
760,0000,2020-02-01T10:27:41Z,94.9,97.3172484123673
72,0000,2024-10-12T10:27:47Z,74.45,97.40227946970752
324,0000,2023-01-11T10:27:44Z,99.96,97.45848398461038
284,0000,2023-04-26T10:27:48Z,88.71,97.49759537384692
477,0000,2021-12-15T10:37:45Z,82.02,97.6373823761183
119,0000,2024-06-14T10:27:52Z,66.0,97.6399898020674
764,0000,2020-01-22T10:27:42Z,59.21,97.79875307096832
294,0000,2023-03-27T10:27:47Z,98.29,97.8209886200343
195,0000,2023-12-10T10:37:42Z,97.81,97.93202150836694
31,0000,2025-01-20T10:27:49Z,71.59,98.00271172298709
360,0000,2022-10-01T10:37:53Z,99.99,98.10498076299078
344,0000,2022-11-15T10:37:45Z,98.76,98.10650176146108
186,0000,2024-01-01T10:27:47Z,82.39,98.11070261437908
187,0000,2024-01-01T10:27:40Z,99.92,98.11070261437908
772,0000,2020-01-02T10:27:43Z,63.98,98.1138170398183
192,0000,2023-12-17T10:27:48Z,60.49,98.13482130440828
730,0000,2020-04-21T10:27:50Z,99.93,98.15430457052796
82,0000,2024-09-17T10:27:49Z,86.51,98.20174523710192
533,0000,2021-08-09T10:27:49Z,60.44,98.21376836786725
653,0000,2020-10-31T10:37:50Z,55.34,98.27511530616977
622,0000,2021-01-11T10:27:48Z,63.3,98.31567526537802
32,0000,2025-01-18T10:37:44Z,58.61,98.36384021693785
374,0000,2022-08-27T10:37:46Z,61.21,98.52267591433736
423,0000,2022-04-24T10:37:50Z,99.98,98.56403258703008
301,0000,2023-03-10T10:37:40Z,99.24,98.57098572289436
636,0000,2020-12-07T10:27:46Z,82.18,98.58670270708755
20,0000,2025-02-17T10:38:08Z,90.76,98.5928591294674
632,0000,2020-12-17T10:27:42Z,71.82,98.60031926482176
631,0000,2020-12-17T10:27:49Z,47.75,98.60031926482176
748,0000,2020-03-02T10:27:44Z,99.65,98.63508494414312
138,0000,2024-04-28T10:37:45Z,97.78,98.69375202799796
25,0000,2025-02-04T10:28:16Z,51.92,98.7628488156492
560,0000,2021-06-03T10:37:46Z,29.02,98.78559136420526
684,0000,2020-08-14T10:27:52Z,91.26,98.78653293468687
609,0000,2021-02-08T10:37:44Z,53.41,98.82274718397996
343,0000,2022-11-17T10:27:50Z,96.39,98.92566808047096
489,0000,2021-11-17T10:27:47Z,93.67,98.96572104018912
37,0000,2025-01-05T10:27:47Z,90.04,98.96680746766792
627,0000,2020-12-30T10:37:45Z,76.51,99.02641612200436
670,0000,2020-09-18T10:27:53Z,39.76,99.05111424002226
164,0000,2024-02-23T10:37:43Z,68.29,99.2323303434849
624,0000,2021-01-06T10:27:49Z,95.26,99.26477831085153
44,0000,2024-12-21T10:27:50Z,23.1,99.35444479210123
708,0000,2020-06-15T10:27:51Z,92.35,99.38414047652158
667,0000,2020-09-26T10:37:48Z,96.19,99.41948558383164
478,0000,2021-12-12T10:27:46Z,47.78,99.4260041487044
59,0000,2024-11-14T10:37:41Z,48.84,99.43686842349231
409,0000,2022-05-31T10:27:56Z,83.91,99.47054767533491
183,0000,2024-01-09T10:37:44Z,91.56,99.59729754786076
146,0000,2024-04-08T10:37:45Z,83.94,99.6001946878042
370,0000,2022-09-06T10:37:47Z,85.42,99.61011739211052
438,0000,2022-03-17T10:27:47Z,95.68,99.61641867148752
650,0000,2020-11-07T10:27:53Z,56.94,99.69007845454966
337,0000,2022-12-05T10:37:43Z,99.13,99.6904405970426
131,0000,2024-05-15T10:27:47Z,98.16,99.70268101330366
709,0000,2020-06-13T10:37:51Z,22.31,99.72317827840357
649,0000,2020-11-10T10:37:49Z,86.29,99.75924767069948
336,0000,2022-12-07T10:27:49Z,84.03,99.76525923608214
757,0000,2020-02-09T10:37:40Z,69.15,99.77988979279657
664,0000,2020-10-03T10:27:52Z,89.63,99.78829149863256
184,0000,2024-01-06T10:27:48Z,99.95,99.83928116163725
582,0000,2021-04-09T10:37:41Z,85.47,99.88990868214898
762,0000,2020-01-27T10:27:41Z,73.9,99.90359766838178
6,0000,2025-03-24T10:37:48Z,72.94,99.91511379965698
682,0000,2020-08-19T10:27:54Z,92.74,99.91924222407638
283,0000,2023-04-29T10:37:46Z,88.66,99.9244570759746
720,0000,2020-05-16T10:27:48Z,65.58,99.92800607240532
592,0000,2021-03-17T10:27:42Z,96.41,99.93553863625829
591,0000,2021-03-17T10:27:49Z,98.46,99.93553863625829
10,0000,2025-03-14T10:37:47Z,99.15,99.95951246929032
470,0000,2021-12-30T10:37:41Z,98.0,99.96798660362492
646,0000,2020-11-17T10:27:48Z,83.42,99.98131344736476
645,0000,2020-11-17T10:27:54Z,65.22,99.98131344736476
55,0000,2024-11-26T10:27:47Z,96.44,99.98239987484357
33,0000,2025-01-15T10:27:47Z,49.55,99.98334144532518
361,0000,2022-09-28T10:27:56Z,96.46,99.99196043665694
761,0000,2020-01-30T10:37:38Z,93.14,99.99876871552404
538,0000,2021-07-28T10:37:49Z,93.26,99.9989860010198
731,0000,2020-04-19T10:37:40Z,90.4,99.9990584295184
173,0000,2024-01-31T10:27:44Z,89.2,99.99942057201132
610,0000,2021-02-05T10:27:48Z,88.49,99.99963785750708
263,0000,2023-06-18T10:37:44Z,62.47,99.99971028600564
262,0000,2023-06-18T10:37:50Z,81.48,99.99971028600564
604,0000,2021-02-20T10:27:46Z,42.73,99.99971028600564
468,0000,2022-01-04T10:37:47Z,99.78,99.99978271450424
62,0000,2024-11-06T10:27:44Z,57.57,99.99978271450424
595,0000,2021-03-10T10:37:45Z,97.9,99.99985514300282
279,0000,2023-05-09T10:37:45Z,94.83,99.99992757150142
749,0000,2020-02-29T10:37:43Z,92.12,100.0
739,0000,2020-03-30T10:37:43Z,93.86,100.0
355,0000,2022-10-13T10:27:47Z,97.34,100.0
246,0000,2023-07-28T10:37:50Z,98.61,100.0
323,0000,2023-01-14T10:37:41Z,97.69,100.0
257,0000,2023-06-30T10:27:54Z,99.42,100.0
331,0000,2022-12-25T10:37:45Z,94.51,100.0
329,0000,2022-12-30T10:37:44Z,96.94,100.0
261,0000,2023-06-20T10:27:53Z,91.43,100.0
340,0000,2022-11-27T10:27:48Z,59.32,100.0
352,0000,2022-10-23T10:27:48Z,90.28,100.0
3,0000,2025-03-29T10:38:07Z,99.72,100.0
5,0000,2025-03-26T10:28:10Z,99.41,100.0
763,0000,2020-01-25T10:37:38Z,38.18,100.0
379,0000,2022-08-14T10:27:52Z,81.07,100.0
241,0000,2023-08-09T10:27:54Z,99.11,100.0
175,0000,2024-01-26T10:27:47Z,99.51,100.0
18,0000,2025-02-22T10:37:50Z,94.45,100.0
626,0000,2021-01-01T10:27:47Z,92.41,100.0
79,0000,2024-09-25T10:37:44Z,93.34,100.0
71,0000,2024-10-15T10:37:45Z,99.74,100.0
605,0000,2021-02-18T10:37:45Z,98.87,100.0
91,0000,2024-08-26T10:37:46Z,71.25,100.0
108,0000,2024-07-12T10:37:48Z,95.03,100.0
118,0000,2024-06-17T10:37:49Z,98.32,100.0
121,0000,2024-06-09T10:27:55Z,99.91,100.0
564,0000,2021-05-24T10:37:46Z,99.6,100.0
558,0000,2021-06-08T10:37:46Z,95.44,100.0
553,0000,2021-06-20T10:27:49Z,93.8,100.0
548,0000,2021-07-03T10:37:47Z,95.09,100.0
298,0000,2023-03-17T10:27:46Z,94.54,100.0
150,0000,2024-03-29T10:37:45Z,93.71,100.0
158,0000,2024-03-09T10:37:40Z,91.64,100.0
696,0000,2020-07-15T10:27:50Z,99.93,100.0
507,0000,2021-10-11T10:37:46Z,86.21,100.0
19,0000,2025-02-19T10:27:53Z,89.04,100.0
232,0000,2023-09-03T10:27:54Z,91.46,100.0
209,0000,2023-10-31T10:37:48Z,99.56,100.0
198,0000,2023-11-27T10:27:45Z,99.64,100.0
432,0000,2022-04-01T10:27:51Z,99.95,100.0
439,0000,2022-03-12T10:27:55Z,94.08,100.0
17,0000,2025-02-24T10:28:12Z,99.46,100.0
440,0000,2022-03-12T10:27:48Z,99.99,100.0
179,0000,2024-01-16T10:27:48Z,86.51,100.0
455,0000,2022-02-03T10:37:45Z,97.06,100.0
177,0000,2024-01-21T10:27:41Z,99.78,100.0
471,0000,2021-12-27T10:27:44Z,98.39,100.0
167,0000,2024-02-15T10:27:50Z,89.42,100.0
166,0000,2024-02-18T10:37:46Z,95.07,100.0
444,0000,2022-03-02T10:27:52Z,87.88,100.0
535,0000,2021-08-04T10:27:52Z,99.74,100.0
